{
  "with_session_length": {
    "track1_test_indist": {
      "n": 275,
      "AUC": 0.8419713694377371,
      "F1": 0.8913043478260869,
      "Precision": 0.8649789029535865,
      "Recall": 0.9192825112107623,
      "TP": 205,
      "FP": 32,
      "TN": 20,
      "FN": 18
    },
    "track1_aug_holdout": {
      "n": 842,
      "AUC": 0.5333787991867618,
      "F1": 0.7804154302670623,
      "Precision": 0.9477477477477477,
      "Recall": 0.6633039092055486,
      "TP": 526,
      "FP": 29,
      "TN": 20,
      "FN": 267
    },
    "track2_multiturn_prefix": {
      "n": 357,
      "AUC": 0.9048780487804879,
      "F1": 0.7926829268292683,
      "Precision": 0.6794425087108014,
      "Recall": 0.9512195121951219,
      "TP": 195,
      "FP": 92,
      "TN": 60,
      "FN": 10
    },
    "track2_multiturn_record": {
      "n": 91,
      "AUC": 0.9348039215686275,
      "F1": 0.8347826086956521,
      "Precision": 0.75,
      "Recall": 0.9411764705882353,
      "TP": 48,
      "FP": 16,
      "TN": 24,
      "FN": 3
    }
  },
  "without_session_length": {
    "track1_test_indist": {
      "n": 275,
      "AUC": 0.8463263194204897,
      "F1": 0.8980477223427332,
      "Precision": 0.8697478991596639,
      "Recall": 0.9282511210762332,
      "TP": 207,
      "FP": 31,
      "TN": 21,
      "FN": 16
    },
    "track1_aug_holdout": {
      "n": 842,
      "AUC": 0.5290938569627094,
      "F1": 0.7890855457227138,
      "Precision": 0.9502664298401421,
      "Recall": 0.6746532156368222,
      "TP": 535,
      "FP": 28,
      "TN": 21,
      "FN": 258
    },
    "track2_multiturn_prefix": {
      "n": 357,
      "AUC": 0.9071566110397947,
      "F1": 0.7967479674796748,
      "Precision": 0.6829268292682927,
      "Recall": 0.9560975609756097,
      "TP": 196,
      "FP": 91,
      "TN": 61,
      "FN": 9
    },
    "track2_multiturn_record": {
      "n": 91,
      "AUC": 0.9279411764705883,
      "F1": 0.8275862068965517,
      "Precision": 0.7384615384615385,
      "Recall": 0.9411764705882353,
      "TP": 48,
      "FP": 17,
      "TN": 23,
      "FN": 3
    }
  },
  "session_length_importance": {
    "with": 0.0022197109647095203,
    "without": 0.0
  }
}