{
  "track1_single_turn": {
    "test_indist": {
      "n": 275,
      "n_mal": 223,
      "n_ben": 52,
      "AUC": 0.9762849258364952,
      "F1": 0.9733333333333334,
      "Precision": 0.9647577092511013,
      "Recall": 0.9820627802690582,
      "TP": 219,
      "FP": 8,
      "TN": 44,
      "FN": 4,
      "block": 207,
      "escalate": 20,
      "allow": 48
    },
    "aug_holdout": {
      "n": 842,
      "n_mal": 793,
      "n_ben": 49,
      "AUC": 0.8666649509740845,
      "F1": 0.9497060744611365,
      "Precision": 0.9850948509485095,
      "Recall": 0.9167717528373266,
      "TP": 727,
      "FP": 11,
      "TN": 38,
      "FN": 66,
      "block": 524,
      "escalate": 214,
      "allow": 104
    }
  },
  "track2_multi_turn": {
    "multiturn_record": {
      "n": 91,
      "n_mal": 51,
      "n_ben": 40,
      "AUC": 0.9348039215686275,
      "F1": 0.8333333333333334,
      "Precision": 0.7246376811594203,
      "Recall": 0.9803921568627451,
      "TP": 50,
      "FP": 19,
      "TN": 21,
      "FN": 1,
      "block": 64,
      "escalate": 5,
      "allow": 22
    }
  }
}