{
  "track1_single_turn": {
    "test_indist": {
      "n": 275,
      "n_mal": 223,
      "n_ben": 52,
      "AUC": 0.8419713694377371,
      "F1": 0.8913043478260869,
      "Precision": 0.8649789029535865,
      "Recall": 0.9192825112107623,
      "DetectionRate": 0.8618181818181818,
      "TP": 205,
      "FP": 32,
      "TN": 20,
      "FN": 18
    },
    "aug_holdout": {
      "n": 842,
      "n_mal": 793,
      "n_ben": 49,
      "AUC": 0.5333787991867618,
      "F1": 0.7804154302670623,
      "Precision": 0.9477477477477477,
      "Recall": 0.6633039092055486,
      "DetectionRate": 0.6591448931116389,
      "TP": 526,
      "FP": 29,
      "TN": 20,
      "FN": 267
    }
  },
  "track2_multi_turn": {
    "prefix": {
      "n": 357,
      "n_mal": 205,
      "n_ben": 152,
      "AUC": 0.9048780487804879,
      "F1": 0.7926829268292683,
      "Precision": 0.6794425087108014,
      "Recall": 0.9512195121951219,
      "DetectionRate": 0.803921568627451,
      "TP": 195,
      "FP": 92,
      "TN": 60,
      "FN": 10
    },
    "n_records": 91,
    "n_mal_records": 51,
    "n_ben_records": 40,
    "prefix_session_length_dist": {
      "1": 91,
      "2": 91,
      "3": 77,
      "4": 56,
      "5": 37,
      "6": 1,
      "7": 1,
      "8": 1,
      "9": 1,
      "10": 1
    },
    "record_level_for_reference": {
      "n": 91,
      "n_mal": 51,
      "n_ben": 40,
      "AUC": 0.9348039215686275,
      "F1": 0.8347826086956521,
      "Precision": 0.75,
      "Recall": 0.9411764705882353,
      "DetectionRate": 0.7032967032967034,
      "TP": 48,
      "FP": 16,
      "TN": 24,
      "FN": 3
    }
  },
  "IMPORTANT": "These two tracks are NEVER combined into one metric.",
  "feature_importances": {
    "prompt_length": 0.0011642168974503875,
    "token_count": 0.0011226431233808398,
    "suspicious_keyword_count": 0.00039763920358382165,
    "suspicious_keyword_max_weight": 0.0005863121477887034,
    "has_system_override": 0.0,
    "has_ignore_instruction": 0.0,
    "has_new_instruction": 0.0,
    "instruction_conflict_flag": 0.0,
    "override_attempt_flag": 0.0,
    "privilege_escalation_signal": 0.011792893521487713,
    "prompt_suspicion_score": 0.0016404326306656003,
    "retry_count": 0.0,
    "denied_tool_call_count": 0.0,
    "failed_tool_call_count": 0.0,
    "has_external_content_recently": 0.0019164055120199919,
    "semantic_drift_score": 0.07426360249519348,
    "tool_diversity_score": 0.41922613978385925,
    "tool_transition_count": 0.0,
    "session_length": 0.0022197109647095203,
    "tool_file_read": 0.03473261371254921,
    "tool_network_request": 0.0,
    "tool_exec": 0.00021850872144568712,
    "tool_summarize": 0.0,
    "tool_web_fetch": 0.0,
    "task_tool_mismatch_flag": 0.008236659690737724,
    "has_external_content": 0.0,
    "suspicious_pattern_in_context": 0.0,
    "sensitive_resource_involved": 0.002978328848257661,
    "risky_action_after_external_input": 0.0,
    "external_content_count": 0.0,
    "context_suspicion_score": 0.008528842590749264,
    "cumulative_risk_sum": 0.0004468561091925949,
    "risk_delta": 0.13774551451206207,
    "monotonicity_flag": 0.0001323823380516842,
    "action_burst_score": 0.2811927795410156,
    "novelty_recipient_flag": 0.006840961519628763,
    "novelty_recipient_score": 0.0,
    "novelty_filepath_flag": 0.004616511985659599,
    "novelty_filepath_score": 0.0,
    "context_exfil_gap": 0.0
  }
}