{
  "tier0_backend": "faiss_minilm",
  "results": {
    "test_indist": {
      "n": 275,
      "n_malicious": 223,
      "n_benign": 52,
      "tp": 219,
      "fp": 7,
      "tn": 45,
      "fn": 4,
      "precision": 0.9690265486725663,
      "recall": 0.9820627802690582,
      "f1": 0.9755011135857461,
      "accuracy": 0.96,
      "detection_rate": 0.9820627802690582,
      "block_rate": 0.7490909090909091,
      "escalate_rate": 0.07272727272727272,
      "tier1_invocation_rate": 0.8218181818181818,
      "p50_ms": 143.10300100078166,
      "p90_ms": 1042.7254940004786,
      "max_ms": 18281.879580999885
    },
    "test_holdout": {
      "n": 793,
      "n_malicious": 793,
      "n_benign": 0,
      "tp": 791,
      "fp": 0,
      "tn": 0,
      "fn": 2,
      "precision": 1.0,
      "recall": 0.9974779319041615,
      "f1": 0.9987373737373738,
      "accuracy": 0.9974779319041615,
      "detection_rate": 0.9974779319041615,
      "block_rate": 0.6229508196721312,
      "escalate_rate": 0.3745271122320303,
      "tier1_invocation_rate": 0.9974779319041615,
      "p50_ms": 84.52961799957848,
      "p90_ms": 210.78251600010844,
      "max_ms": 893.8275979999162
    }
  }
}