{
  "tier0_backend": "sklearn",
  "results": {
    "test_indist": {
      "n": 275,
      "n_malicious": 223,
      "n_benign": 52,
      "tp": 219,
      "fp": 8,
      "tn": 44,
      "fn": 4,
      "precision": 0.9647577092511013,
      "recall": 0.9820627802690582,
      "f1": 0.9733333333333334,
      "accuracy": 0.9563636363636364,
      "detection_rate": 0.9820627802690582,
      "block_rate": 0.730909090909091,
      "escalate_rate": 0.09454545454545454,
      "tier1_invocation_rate": 0.84,
      "p50_ms": 275.84150599795976,
      "p90_ms": 353.37040899685235,
      "max_ms": 681.4565319982648
    }
  }
}