{
  "track1_single_turn": {
    "test_indist": {
      "n": 275,
      "n_mal": 223,
      "n_ben": 52,
      "AUC": 0.8474905139703345,
      "F1": 0.8937093275488069,
      "Precision": 0.865546218487395,
      "Recall": 0.9237668161434978,
      "DetectionRate": 0.8654545454545455,
      "TP": 206,
      "FP": 32,
      "TN": 20,
      "FN": 17
    },
    "aug_holdout": {
      "n": 842,
      "n_mal": 793,
      "n_ben": 49,
      "AUC": 0.5344082147360836,
      "F1": 0.7749627421758569,
      "Precision": 0.9471766848816029,
      "Recall": 0.6557377049180327,
      "DetectionRate": 0.6520190023752969,
      "TP": 520,
      "FP": 29,
      "TN": 20,
      "FN": 273
    }
  },
  "track2_multi_turn": {
    "prefix": {
      "n": 357,
      "n_mal": 205,
      "n_ben": 152,
      "AUC": 0.8919768934531451,
      "F1": 0.7910750507099391,
      "Precision": 0.6770833333333334,
      "Recall": 0.9512195121951219,
      "DetectionRate": 0.8067226890756303,
      "TP": 195,
      "FP": 93,
      "TN": 59,
      "FN": 10
    },
    "n_records": 91,
    "n_mal_records": 51,
    "n_ben_records": 40,
    "prefix_session_length_dist": {
      "1": 91,
      "2": 91,
      "3": 77,
      "4": 56,
      "5": 37,
      "6": 1,
      "7": 1,
      "8": 1,
      "9": 1,
      "10": 1
    },
    "record_level_for_reference": {
      "n": 91,
      "n_mal": 51,
      "n_ben": 40,
      "AUC": 0.9274509803921569,
      "F1": 0.8275862068965517,
      "Precision": 0.7384615384615385,
      "Recall": 0.9411764705882353,
      "DetectionRate": 0.7142857142857143,
      "TP": 48,
      "FP": 17,
      "TN": 23,
      "FN": 3
    }
  },
  "IMPORTANT": "These two tracks are NEVER combined into one metric.",
  "feature_importances": {
    "prompt_length": 0.0017305549699813128,
    "token_count": 0.0016359947621822357,
    "suspicious_keyword_count": 0.0005241598701104522,
    "suspicious_keyword_max_weight": 0.0011534052900969982,
    "has_system_override": 0.0,
    "has_ignore_instruction": 0.0,
    "has_new_instruction": 0.0,
    "instruction_conflict_flag": 0.0,
    "override_attempt_flag": 0.0,
    "privilege_escalation_signal": 0.02587059885263443,
    "prompt_suspicion_score": 0.0027673374861478806,
    "retry_count": 0.0,
    "denied_tool_call_count": 0.0,
    "failed_tool_call_count": 0.0,
    "has_external_content_recently": 0.002014459576457739,
    "semantic_drift_score": 0.11024415493011475,
    "tool_diversity_score": 0.27882328629493713,
    "tool_transition_count": 0.001856203773058951,
    "session_length": 0.0030522590968757868,
    "tool_file_read": 0.04830137640237808,
    "tool_network_request": 0.0,
    "tool_exec": 0.0004985234118066728,
    "tool_summarize": 5.246505679679103e-05,
    "tool_web_fetch": 0.0004934450844302773,
    "task_tool_mismatch_flag": 0.02218971587717533,
    "has_external_content": 0.0,
    "suspicious_pattern_in_context": 0.0,
    "sensitive_resource_involved": 0.003208874026313424,
    "risky_action_after_external_input": 0.0,
    "external_content_count": 0.0,
    "context_suspicion_score": 0.011844784952700138,
    "cumulative_risk_sum": 0.0006501062889583409,
    "risk_delta": 0.17005032300949097,
    "monotonicity_flag": 0.00010736689728219062,
    "action_burst_score": 0.2954369783401489,
    "novelty_recipient_flag": 0.009583217091858387,
    "novelty_recipient_score": 0.0,
    "novelty_filepath_flag": 0.00791045930236578,
    "novelty_filepath_score": 0.0,
    "context_exfil_gap": 0.0
  }
}