{
  "track1_single_turn": {
    "test_indist": {
      "n": 275,
      "n_mal": 223,
      "n_ben": 52,
      "AUC": 0.9763280441531561,
      "F1": 0.9733333333333334,
      "Precision": 0.9647577092511013,
      "Recall": 0.9820627802690582,
      "TP": 219,
      "FP": 8,
      "TN": 44,
      "FN": 4,
      "block": 198,
      "defer": 10,
      "escalate": 19,
      "allow": 48
    },
    "aug_holdout": {
      "n": 842,
      "n_mal": 793,
      "n_ben": 49,
      "AUC": 0.8679002496332707,
      "F1": 0.9538061158100195,
      "Precision": 0.9852150537634409,
      "Recall": 0.9243379571248423,
      "TP": 733,
      "FP": 11,
      "TN": 38,
      "FN": 60,
      "block": 426,
      "defer": 92,
      "escalate": 226,
      "allow": 98
    }
  },
  "track2_multi_turn": {
    "multiturn_record": {
      "n": 91,
      "n_mal": 51,
      "n_ben": 40,
      "AUC": 0.9274509803921569,
      "F1": 0.8264462809917356,
      "Precision": 0.7142857142857143,
      "Recall": 0.9803921568627451,
      "TP": 50,
      "FP": 20,
      "TN": 20,
      "FN": 1,
      "block": 43,
      "defer": 22,
      "escalate": 5,
      "allow": 21
    }
  }
}