{
  "with_session_length": {
    "track1_test_indist": {
      "n": 275,
      "AUC": 0.8474905139703345,
      "F1": 0.8937093275488069,
      "Precision": 0.865546218487395,
      "Recall": 0.9237668161434978,
      "TP": 206,
      "FP": 32,
      "TN": 20,
      "FN": 17
    },
    "track1_aug_holdout": {
      "n": 842,
      "AUC": 0.5344082147360836,
      "F1": 0.7749627421758569,
      "Precision": 0.9471766848816029,
      "Recall": 0.6557377049180327,
      "TP": 520,
      "FP": 29,
      "TN": 20,
      "FN": 273
    },
    "track2_multiturn_prefix": {
      "n": 357,
      "AUC": 0.8919768934531451,
      "F1": 0.7910750507099391,
      "Precision": 0.6770833333333334,
      "Recall": 0.9512195121951219,
      "TP": 195,
      "FP": 93,
      "TN": 59,
      "FN": 10
    },
    "track2_multiturn_record": {
      "n": 91,
      "AUC": 0.9274509803921569,
      "F1": 0.8275862068965517,
      "Precision": 0.7384615384615385,
      "Recall": 0.9411764705882353,
      "TP": 48,
      "FP": 17,
      "TN": 23,
      "FN": 3
    }
  },
  "without_session_length": {
    "track1_test_indist": {
      "n": 275,
      "AUC": 0.8430062090375992,
      "F1": 0.9028077753779697,
      "Precision": 0.8708333333333333,
      "Recall": 0.9372197309417041,
      "TP": 209,
      "FP": 31,
      "TN": 21,
      "FN": 14
    },
    "track1_aug_holdout": {
      "n": 842,
      "AUC": 0.5391692616516972,
      "F1": 0.7648384673178061,
      "Precision": 0.9460966542750929,
      "Recall": 0.6418663303909206,
      "TP": 509,
      "FP": 29,
      "TN": 20,
      "FN": 284
    },
    "track2_multiturn_prefix": {
      "n": 357,
      "AUC": 0.9090500641848525,
      "F1": 0.7878787878787878,
      "Precision": 0.6724137931034483,
      "Recall": 0.9512195121951219,
      "TP": 195,
      "FP": 95,
      "TN": 57,
      "FN": 10
    },
    "track2_multiturn_record": {
      "n": 91,
      "AUC": 0.9215686274509803,
      "F1": 0.8275862068965517,
      "Precision": 0.7384615384615385,
      "Recall": 0.9411764705882353,
      "TP": 48,
      "FP": 17,
      "TN": 23,
      "FN": 3
    }
  },
  "session_length_importance": {
    "with": 0.0030522590968757868,
    "without": 0.0
  }
}