{
  "with_session_length": {
    "track1_test_indist": {
      "n": 275,
      "AUC": 0.8474905139703345,
      "F1": 0.8937093275488069,
      "Precision": 0.865546218487395,
      "Recall": 0.9237668161434978,
      "TP": 206,
      "FP": 32,
      "TN": 20,
      "FN": 17
    },
    "track1_aug_holdout": {
      "n": 842,
      "AUC": 0.5344082147360836,
      "F1": 0.7749627421758569,
      "Precision": 0.9471766848816029,
      "Recall": 0.6557377049180327,
      "TP": 520,
      "FP": 29,
      "TN": 20,
      "FN": 273
    },
    "track2_multiturn_prefix": {
      "n": 357,
      "AUC": 0.8875424902429812,
      "F1": 0.7647058823529411,
      "Precision": 0.6319444444444444,
      "Recall": 0.9680851063829787,
      "TP": 182,
      "FP": 106,
      "TN": 63,
      "FN": 6
    },
    "track2_multiturn_record": {
      "n": 91,
      "AUC": 0.9142441860465116,
      "F1": 0.7964601769911505,
      "Precision": 0.6923076923076923,
      "Recall": 0.9375,
      "TP": 45,
      "FP": 20,
      "TN": 23,
      "FN": 3
    }
  },
  "without_session_length": {
    "track1_test_indist": {
      "n": 275,
      "AUC": 0.8430062090375992,
      "F1": 0.9028077753779697,
      "Precision": 0.8708333333333333,
      "Recall": 0.9372197309417041,
      "TP": 209,
      "FP": 31,
      "TN": 21,
      "FN": 14
    },
    "track1_aug_holdout": {
      "n": 842,
      "AUC": 0.5391692616516972,
      "F1": 0.7648384673178061,
      "Precision": 0.9460966542750929,
      "Recall": 0.6418663303909206,
      "TP": 509,
      "FP": 29,
      "TN": 20,
      "FN": 284
    },
    "track2_multiturn_prefix": {
      "n": 357,
      "AUC": 0.9118720886314995,
      "F1": 0.7615062761506276,
      "Precision": 0.6275862068965518,
      "Recall": 0.9680851063829787,
      "TP": 182,
      "FP": 108,
      "TN": 61,
      "FN": 6
    },
    "track2_multiturn_record": {
      "n": 91,
      "AUC": 0.9132751937984496,
      "F1": 0.7964601769911505,
      "Precision": 0.6923076923076923,
      "Recall": 0.9375,
      "TP": 45,
      "FP": 20,
      "TN": 23,
      "FN": 3
    }
  },
  "session_length_importance": {
    "with": 0.0030522590968757868,
    "without": 0.0
  }
}