{
  "test_indist": {
    "n_records": 275,
    "n_prefixes": 275,
    "n_adversarial_prefixes": 223,
    "AUC": 0.8416264229044499,
    "F1": 0.8869179600886918,
    "Precision": 0.8771929824561403,
    "Recall": 0.8968609865470852,
    "DetectionRate": 0.8290909090909091,
    "early_detection_first_flag_at_prefix": {
      "1": 196,
      "never": 23
    }
  },
  "test_holdout": {
    "n_records": 793,
    "n_prefixes": 793,
    "n_adversarial_prefixes": 793,
    "AUC": NaN,
    "F1": 0.7809377401998463,
    "Precision": 1.0,
    "Recall": 0.6406052963430012,
    "DetectionRate": 0.6406052963430012,
    "early_detection_first_flag_at_prefix": {
      "never": 285,
      "1": 508
    }
  },
  "synth_xgboost_paper": {
    "n_records": 3200,
    "n_prefixes": 10400,
    "n_adversarial_prefixes": 5200,
    "AUC": 0.9340144230769231,
    "F1": 0.8594890510948905,
    "Precision": 0.8177083333333334,
    "Recall": 0.9057692307692308,
    "DetectionRate": 0.5538461538461539,
    "early_detection_first_flag_at_prefix": {
      "1": 1420,
      "2": 180
    }
  }
}