{
  "full": {
    "test_indist": {
      "AUC": 0.8474905139703345,
      "F1": 0.8937093275488069,
      "Precision": 0.865546218487395,
      "Recall": 0.9237668161434978,
      "DetectionRate": 0.8654545454545455
    },
    "test_holdout": {
      "AUC": NaN,
      "F1": 0.7920792079207921,
      "Precision": 1.0,
      "Recall": 0.6557377049180327,
      "DetectionRate": 0.6557377049180327
    }
  },
  "ablated": {
    "test_indist": {
      "AUC": 0.8471024491203863,
      "F1": 0.9019607843137255,
      "Precision": 0.8771186440677966,
      "Recall": 0.9282511210762332,
      "DetectionRate": 0.8581818181818182
    },
    "test_holdout": {
      "AUC": NaN,
      "F1": 0.7874617737003058,
      "Precision": 1.0,
      "Recall": 0.6494325346784363,
      "DetectionRate": 0.6494325346784363
    }
  },
  "delta": {
    "test_indist": {
      "AUC": 0.00038806484994813317,
      "F1": -0.008251456764918563,
      "Precision": -0.011572425580401613,
      "Recall": -0.004484304932735439,
      "DetectionRate": 0.0072727272727273196
    },
    "test_holdout": {
      "AUC": NaN,
      "F1": 0.004617434220486327,
      "Precision": 0.0,
      "Recall": 0.006305170239596425,
      "DetectionRate": 0.006305170239596425
    }
  },
  "train_size": 12396,
  "train_sources": {
    "real": 2132,
    "synth_xgboost_paper": 6400,
    "promptfoo_redteam": 3864
  },
  "feature_dim": 40,
  "n_estimators": 180,
  "max_depth": 4,
  "fraud_cols_dropped": [
    31,
    32,
    33,
    34,
    35,
    36,
    37,
    38,
    39
  ],
  "honest_limitations": [
    "test_holdout_family has NO benign records (100% malicious); DetectionRate is the only meaningful metric; AUC/F1/Prec/Rec are degenerate",
    "Most real test records are single-turn; fraud-inspired multi-turn features (cumulative_risk, monotonicity, action_burst, context_exfil_gap) are 0/degenerate for single-turn records",
    "denied_tool_call_count and failed_tool_call_count are always 0 (data unavailable in v0)",
    "novelty features depend on benign training profile coverage; unseen-but-benign files/urls in test will trigger false positive flags",
    "novelty_*_score are exact aliases of their corresponding flags; they are retained for saved-model compatibility and are not independent paper features",
    "The paper trains on synthetic-only data; we add synthetic to real training + promptfoo LLM-generated adversarial inputs (dilution, scaled to ~3864 across 30 coding-agent/agentic plugins + 4 encoding strategies) \u2014 distribution shift may affect feature importance. promptfoo is adversarial-only, so it pushes the train class balance to ~2.45:1 malicious:benign; no scale_pos_weight is applied in Part 1 (kept consistent across all comparison groups in Part 3).",
    "Local fraud group is 9 features, not the official implementation's 11: three official prior-state signals are absent, a distinct-tool proxy lives in session, and two local novelty-score columns alias flags"
  ]
}
